,day,risk_priority,risk_sla,total_risk
0,Mon,154.29693662550528,97.7336282838873,846.298993053561
1,Tue,235.2663460849525,146.6102860426607,726.9056738746609
2,Wed,296.0284957268121,184.67421836807173,699.8518722092396
3,Thu,360.6978871265547,226.19675785381085,685.7041718335823
4,Fri,419.8604039283116,259.1523334237463,683.9229196361007
5,Sat,158.44059060260858,94.21046141549016,96.73514985155364
6,Sun,0.0,0.0,90.78136124986717
